[
  {
    "idvaga": "1",
    "descricaoCargo": "Desenvolvedor Java Pleno",
    "requisitosObrigatorios": [
      "Experiência com Spring Boot",
      "Conhecimento em SQL",
      "Graduação em Ciência da Computação ou áreas correlatas"
    ],
    "requisitosDesejaveis": [
      "Conhecimento em metodologias ágeis (Scrum/Kanban)",
      "Experiência com microsserviços",
      "Inglês avançado"
    ],
    "remuneracaoMensal": "R$ 5.000,00",
    "beneficios": [
      "Plano de saúde",
      "Vale-refeição",
      "Auxílio-transporte",
      "Participação nos lucros"
    ],
    "localTrabalho": "Remoto"
  },
  {
    "idvaga": "2",
    "descricaoCargo": "Analista de RH Sênior",
    "requisitosObrigatorios": [
      "Experiência em recrutamento e seleção",
      "Conhecimento em legislação trabalhista",
      "Pós-graduação em Gestão de Pessoas"
    ],
    "requisitosDesejaveis": [
      "Experiência com sistemas de RH (ATS)",
      "Habilidade em comunicação e negociação",
      "Inglês fluente"
    ],
    "remuneracaoMensal": "R$ 7.000,00",
    "beneficios": [
      "Plano de saúde e odontológico",
      "Vale-alimentação",
      "Previdência privada",
      "Gympass"
    ],
    "localTrabalho": "São Paulo - SP"
  },
  {
    "idvaga": "3",
    "descricaoCargo": "Estagiário de Marketing Digital",
    "requisitosObrigatorios": [
      "Cursando Marketing, Publicidade ou áreas correlatas",
      "Conhecimento básico em mídias sociais",
      "Proatividade e vontade de aprender"
    ],
    "requisitosDesejaveis": [
      "Conhecimento em ferramentas de edição de imagem",
      "Noções de SEO/SEM",
      "Portfólio de projetos pessoais"
    ],
    "remuneracaoMensal": "R$ 1.500,00",
    "beneficios": [
      "Vale-transporte",
      "Seguro de vida",
      "Bolsa auxílio"
    ],
    "localTrabalho": "Híbrido (3x na semana presencial)"
  }
]
